<?xml version="1.0" encoding="utf-8"?>
<manifest identifier="_6BiV9SHd40l_course_id" version="1.0" xmlns="http://www.imsproject.org/xsd/imscp_rootv1p1p2" xmlns:adlcp="http://www.adlnet.org/xsd/adlcp_rootv1p2" xmlns:xsi="http://www.w3.org/2001/XMLSchema-instance" xsi:schemaLocation="http://www.imsproject.org/xsd/imscp_rootv1p1p2 imscp_rootv1p1p2.xsd http://www.imsglobal.org/xsd/imsmd_rootv1p2p1 imsmd_rootv1p2p1.xsd http://www.adlnet.org/xsd/adlcp_rootv1p2 adlcp_rootv1p2.xsd">
  <metadata>
    <schema>ADL SCORM</schema>
    <schemaversion>1.2</schemaversion>
    <lom xmlns="http://www.imsglobal.org/xsd/imsmd_rootv1p2p1" xmlns:xsi="http://www.w3.org/2001/XMLSchema-instance" xsi:schemaLocation="http://www.imsglobal.org/xsd/imsmd_rootv1p2p1 imsmd_rootv1p2p1.xsd">
      <general>
        <title>
          <langstring xml:lang="x-none">EIDM1</langstring>
        </title>
        <description>
          <langstring xml:lang="x-none">Evidence-Informed Decision-Making: An Introduction</langstring>
        </description>
      </general>
      <lifecycle>
        <version>
          <langstring xml:lang="x-none">1</langstring>
        </version>
        <status>
          <source>
            <langstring xml:lang="x-none">LOMv1.0</langstring>
          </source>
          <value>
            <langstring xml:lang="x-none">Final</langstring>
          </value>
        </status>
      </lifecycle>
      <metametadata>
        <metadatascheme>ADL SCORM 1.2</metadatascheme>
      </metametadata>
      <educational>
        <typicallearningtime>
          <datetime>PT0H0M0S</datetime>
        </typicallearningtime>
      </educational>
      <rights>
        <cost>
          <source>
            <langstring xml:lang="x-none">LOMv1.0</langstring>
          </source>
          <value>
            <langstring xml:lang="x-none">yes</langstring>
          </value>
        </cost>
        <copyrightandotherrestrictions>
          <source>
            <langstring xml:lang="x-none">LOMv1.0</langstring>
          </source>
          <value>
            <langstring xml:lang="x-none">yes</langstring>
          </value>
        </copyrightandotherrestrictions>
      </rights>
    </lom>
  </metadata>
  <organizations default="EIDM1_ORG">
    <organization identifier="EIDM1_ORG">
      <title>EIDM1</title>
      <item identifier="EIDM1_SCO" isvisible="true" identifierref="__6BiV9SHd40l_course_id_RES">
        <title>Evidence-Informed Decision-Making: An Introduction</title>
      </item>
    </organization>
  </organizations>
  <resources>
    <resource identifier="__6BiV9SHd40l_course_id_RES" type="webcontent" href="index_lms.html" adlcp:scormtype="sco">
      <file href="story_content/thumbnail.jpg" />
      <file href="story_content/video_5y4XHlas5cF_19_56_640x360.mp4" />
      <file href="mobile/video_5y4XHlas5cF_19_56_640x360.jpg" />
      <file href="story_content/5vcMcL10X8w_80_DX128_DY128.swf" />
      <file href="mobile/5vcMcL10X8w_80_DX128_DY128_CX64_CY64.png" />
      <file href="story_content/65oIjNZd2st_80_DX134_DY134.swf" />
      <file href="mobile/65oIjNZd2st_80_DX134_DY134_CX67_CY67.png" />
      <file href="story_content/6JnGccifOnu_80_DX134_DY134.swf" />
      <file href="mobile/6JnGccifOnu_80_DX134_DY134_CX67_CY67.png" />
      <file href="story_content/67HPus4gXK8_80_DX134_DY134.swf" />
      <file href="mobile/67HPus4gXK8_80_DX134_DY134_CX67_CY67.png" />
      <file href="story_content/5jCDVmOaEjn_80_DX134_DY134.swf" />
      <file href="mobile/5jCDVmOaEjn_80_DX134_DY134_CX67_CY67.png" />
      <file href="story_content/65mZsbe0SdM_80_DX134_DY134.swf" />
      <file href="mobile/65mZsbe0SdM_80_DX134_DY134_CX67_CY67.png" />
      <file href="story_content/6FIf18KfjPX_80_DX134_DY134.swf" />
      <file href="mobile/6FIf18KfjPX_80_DX134_DY134_CX67_CY67.png" />
      <file href="story_content/5iiY2WfmYm0_80_DX134_DY134.swf" />
      <file href="mobile/5iiY2WfmYm0_80_DX134_DY134_CX67_CY67.png" />
      <file href="story_content/5egLXJoHO47_80_DX134_DY134.swf" />
      <file href="mobile/5egLXJoHO47_80_DX134_DY134_CX67_CY67.png" />
      <file href="story_content/6oqBwGsAG15_80_DX134_DY134.swf" />
      <file href="mobile/6oqBwGsAG15_80_DX134_DY134_CX67_CY67.png" />
      <file href="story_content/6nGghRK1yoT_80_DX134_DY134.swf" />
      <file href="mobile/6nGghRK1yoT_80_DX134_DY134_CX67_CY67.png" />
      <file href="story_content/5vcMcL10X8w_80_DX134_DY134.swf" />
      <file href="mobile/5vcMcL10X8w_80_DX134_DY134_CX67_CY67.png" />
      <file href="story_content/txt__default_5mnECCBqaLo.swf" />
      <file href="story_content/_glow.swf" />
      <file href="story_content/txt__default_5bx8wFbRD2x.swf" />
      <file href="story_content/txt__default_5r60CyH3tpN.swf" />
      <file href="story_content/txt__default_6JkMbZFAzoD.swf" />
      <file href="story_content/txt__default_5s0JPRHXfP4.swf" />
      <file href="story_content/txt__default_5qEh5JjDKaV.swf" />
      <file href="story_content/6kPTOS2LZSW_80_DX118_DY118.swf" />
      <file href="mobile/6kPTOS2LZSW_80_DX118_DY118_CX59_CY59.png" />
      <file href="story_content/6EElkkl6tCJ_80_DX118_DY118.swf" />
      <file href="mobile/6EElkkl6tCJ_80_DX118_DY118_CX59_CY59.png" />
      <file href="story_content/5j9nxHnpvze_80_DX118_DY118.swf" />
      <file href="mobile/5j9nxHnpvze_80_DX118_DY118_CX59_CY59.png" />
      <file href="story_content/5YZMbz3OV1w_80_DX118_DY118.swf" />
      <file href="mobile/5YZMbz3OV1w_80_DX118_DY118_CX59_CY59.png" />
      <file href="story_content/6oLTnS02xRs_80_DX1284_DY1284.jpg" />
      <file href="mobile/6oLTnS02xRs_80_DX1284_DY1284_CX642_CY405.jpg" />
      <file href="story_content/video_6GEp1PQWxsS_19_56_642x360.mp4" />
      <file href="mobile/video_6GEp1PQWxsS_19_56_642x360.jpg" />
      <file href="story_content/5Z7bNCyAsKB_80_DX1560_DY1560.swf" />
      <file href="mobile/5Z7bNCyAsKB_80_DX1560_DY1560_CX609_CY780.png" />
      <file href="story_content/5vmV3eGvPnY_80_P_77_0_303_350_DX912_DY912.swf" />
      <file href="mobile/5vmV3eGvPnY_80_P_77_0_303_350_DX912_DY912_CX303_CY350.png" />
      <file href="story_content/video_5xe0Twes8qd_19_56_642x360.mp4" />
      <file href="mobile/video_5xe0Twes8qd_19_56_642x360.jpg" />
      <file href="story_content/6gjlyyUGfr9_80_DX1298_DY1298.jpg" />
      <file href="mobile/6gjlyyUGfr9_80_DX1298_DY1298_CX649_CY432.jpg" />
      <file href="story_content/6QTmDoUVtI0_80_DX888_DY888.jpg" />
      <file href="mobile/6QTmDoUVtI0_80_DX888_DY888_CX444_CY296.jpg" />
      <file href="story_content/video_6EkpVaBWjOx_19_56_642x360.mp4" />
      <file href="mobile/video_6EkpVaBWjOx_19_56_642x360.jpg" />
      <file href="story_content/6XJxuWJFlvJ_80_DX368_DY368.swf" />
      <file href="mobile/6XJxuWJFlvJ_80_DX368_DY368_CX184_CY184.png" />
      <file href="story_content/5sNGg7cnyeq_80_DX1298_DY1298.jpg" />
      <file href="mobile/5sNGg7cnyeq_80_DX1298_DY1298_CX649_CY433.jpg" />
      <file href="story_content/6lq71NdP0qO_80_P_69_42_576_323_DX1020_DY1020.swf" />
      <file href="mobile/6lq71NdP0qO_80_P_69_42_576_323_DX1020_DY1020_CX408_CY229.png" />
      <file href="story_content/video_6kl8gXbmkB9_19_56_642x360.mp4" />
      <file href="mobile/video_6kl8gXbmkB9_19_56_642x360.jpg" />
      <file href="story_content/6ojYuHSdD6A_80_DX586_DY586.jpg" />
      <file href="mobile/6ojYuHSdD6A_80_DX586_DY586_CX293_CY165.jpg" />
      <file href="story_content/6nUy8DsC0Yh_80_DX630_DY630.jpg" />
      <file href="mobile/6nUy8DsC0Yh_80_DX630_DY630_CX215_CY315.jpg" />
      <file href="story_content/video_5uweMC5ZBjE_19_56_642x368.mp4" />
      <file href="mobile/video_5uweMC5ZBjE_19_56_642x368.jpg" />
      <file href="story_content/video_6Z8hc3CcQeo_19_56_642x360.mp4" />
      <file href="mobile/video_6Z8hc3CcQeo_19_56_642x360.jpg" />
      <file href="story_content/5YD3ChBUfGn_80_DX118_DY118.swf" />
      <file href="mobile/5YD3ChBUfGn_80_DX118_DY118_CX59_CY59.png" />
      <file href="story_content/5roQsMoNiej_80_DX1288_DY1288.jpg" />
      <file href="mobile/5roQsMoNiej_80_DX1288_DY1288_CX644_CY429.jpg" />
      <file href="story_content/60nupOUAiiW_80_DX1284_DY1284.jpg" />
      <file href="mobile/60nupOUAiiW_80_DX1284_DY1284_CX642_CY417.jpg" />
      <file href="story_content/video_5XKJ6gkiKQ5_19_56_644x364.mp4" />
      <file href="mobile/video_5XKJ6gkiKQ5_19_56_644x364.jpg" />
      <file href="story_content/video_6lMMxjoetdU_19_56_640x360.mp4" />
      <file href="mobile/video_6lMMxjoetdU_19_56_640x360.jpg" />
      <file href="story_content/5nzSgPMzhZS_80_DX52_DY52.jpg" />
      <file href="mobile/5nzSgPMzhZS_80_DX52_DY52_CX26_CY26.jpg" />
      <file href="story_content/62EydIh28Vw_80_DX520_DY520.swf" />
      <file href="mobile/62EydIh28Vw_80_DX520_DY520_CX260_CY259.png" />
      <file href="story_content/6JDn4nzA89r_22050_56.mp3" />
      <file href="meta.xml" />
      <file href="story_content/FontFactory.swf" />
      <file href="story_content/fonts.swf" />
      <file href="mobile/fonts.js" />
      <file href="mobile/5n0uVoLce2X.png" />
      <file href="story_content/url.png" />
      <file href="story_content/notes/Note6ptu3ajCaNL.5b5ogpfUhY5.swf" />
      <file href="story_content/notes/Note5qMQmTfxXFL.637ASpXdPda.swf" />
      <file href="story_content/notes/Note5qMQmTfxXFL.6f3izsLyJYR.swf" />
      <file href="story_content/notes/Note5qMQmTfxXFL.6ggvKKUSxgg.swf" />
      <file href="story_content/notes/Note6LaUedjoJa1.5kEmGB8OPdi.swf" />
      <file href="story_content/notes/Note6LaUedjoJa1.5xiA2Bwupii.swf" />
      <file href="story_content/notes/Note6LaUedjoJa1.5uLtz1UlW9x.swf" />
      <file href="story_content/notes/Note66Xc71oBttM.5VzVn5JtwOP.swf" />
      <file href="story_content/frame.xml" />
      <file href="story_content/frame.js" />
      <file href="story_content/user.js" />
      <file href="story_unsupported.html" />
      <file href="mobile/txt__default_5mnECCBqaLo.png" />
      <file href="mobile/txt__default_5bx8wFbRD2x.png" />
      <file href="mobile/txt__default_5r60CyH3tpN.png" />
      <file href="mobile/txt__default_6JkMbZFAzoD.png" />
      <file href="mobile/txt__default_5s0JPRHXfP4.png" />
      <file href="mobile/txt__default_5qEh5JjDKaV.png" />
      <file href="mobile/player.css" />
      <file href="mobile/player_compiled.js" />
      <file href="story.swf" />
      <file href="story_content/frame.swf" />
      <file href="story_content/slides/5b5ogpfUhY5.swf" />
      <file href="story_content/slides/63aRs46RL4s.swf" />
      <file href="story_content/slides/60hdMfCvZdG.swf" />
      <file href="mobile/slides/5b5ogpfUhY5.js" />
      <file href="mobile/slides/63aRs46RL4s.js" />
      <file href="mobile/slides/60hdMfCvZdG.js" />
      <file href="story_content/slides/637ASpXdPda.swf" />
      <file href="story_content/slides/6f3izsLyJYR.swf" />
      <file href="story_content/slides/6ggvKKUSxgg.swf" />
      <file href="story_content/slides/61MKxCNyxHK.swf" />
      <file href="story_content/slides/6cgF8ZJD8rd.swf" />
      <file href="story_content/slides/6H3nDLEP9XN.swf" />
      <file href="story_content/slides/5lmGOFBYC0e.swf" />
      <file href="story_content/slides/6CcEkAE9tjg.swf" />
      <file href="mobile/slides/637ASpXdPda.js" />
      <file href="mobile/slides/6ggvKKUSxgg.js" />
      <file href="mobile/slides/6H3nDLEP9XN.js" />
      <file href="mobile/slides/6f3izsLyJYR.js" />
      <file href="mobile/slides/61MKxCNyxHK.js" />
      <file href="mobile/slides/6cgF8ZJD8rd.js" />
      <file href="mobile/slides/5lmGOFBYC0e.js" />
      <file href="mobile/slides/6CcEkAE9tjg.js" />
      <file href="story_content/slides/5xiA2Bwupii.swf" />
      <file href="story_content/slides/5uLtz1UlW9x.swf" />
      <file href="story_content/slides/5cnV2eLfumF.swf" />
      <file href="story_content/slides/64upjzzIhlr.swf" />
      <file href="story_content/slides/5kEmGB8OPdi.swf" />
      <file href="story_content/slides/6NPjt2Sl04i.swf" />
      <file href="story_content/slides/5fHXSoPG1Rk.swf" />
      <file href="story_content/slides/6q5o2b9VRls.swf" />
      <file href="story_content/slides/6k0S3C3feZr.swf" />
      <file href="story_content/slides/5zaQRxIt0b6.swf" />
      <file href="mobile/slides/5xiA2Bwupii.js" />
      <file href="mobile/slides/5uLtz1UlW9x.js" />
      <file href="mobile/slides/5cnV2eLfumF.js" />
      <file href="mobile/slides/6q5o2b9VRls.js" />
      <file href="mobile/slides/5kEmGB8OPdi.js" />
      <file href="mobile/slides/6NPjt2Sl04i.js" />
      <file href="mobile/slides/64upjzzIhlr.js" />
      <file href="mobile/slides/5fHXSoPG1Rk.js" />
      <file href="mobile/slides/6k0S3C3feZr.js" />
      <file href="mobile/slides/5zaQRxIt0b6.js" />
      <file href="story_content/slides/6nHQuUEhqwD.swf" />
      <file href="story_content/slides/62tG3ypMGLL.swf" />
      <file href="story_content/slides/6l5jvciy496.swf" />
      <file href="story_content/slides/64T0iACyJvO.swf" />
      <file href="story_content/slides/6rV9wsmiVVJ.swf" />
      <file href="story_content/slides/6JDjBk2cK7Y.swf" />
      <file href="story_content/slides/6lVm1xcjigF.swf" />
      <file href="mobile/slides/6nHQuUEhqwD.js" />
      <file href="mobile/slides/6l5jvciy496.js" />
      <file href="mobile/slides/62tG3ypMGLL.js" />
      <file href="mobile/slides/6rV9wsmiVVJ.js" />
      <file href="mobile/slides/64T0iACyJvO.js" />
      <file href="mobile/slides/6lVm1xcjigF.js" />
      <file href="mobile/slides/6JDjBk2cK7Y.js" />
      <file href="story_content/slides/6RrpXJN0rB5.swf" />
      <file href="story_content/slides/5VzVn5JtwOP.swf" />
      <file href="story_content/slides/6qd0r3mXmK8.swf" />
      <file href="story_content/slides/5VFTnkeKkOt.swf" />
      <file href="mobile/slides/6RrpXJN0rB5.js" />
      <file href="mobile/slides/6qd0r3mXmK8.js" />
      <file href="mobile/slides/5VzVn5JtwOP.js" />
      <file href="mobile/slides/5VFTnkeKkOt.js" />
      <file href="story_content/data.swf" />
      <file href="mobile/data.js" />
      <file href="mobile/masks.js" />
      <file href="story.html" />
      <file href="story_html5.html" />
      <file href="index_lms_html5.html" />
      <file href="story_content/blank.html" />
      <file href="story_content/story.js" />
      <file href="index_lms.html" />
      <file href="lms/AICCComm.html" />
      <file href="lms/AICCFunctions.js" />
      <file href="lms/API.js" />
      <file href="lms/APIConstants.js" />
      <file href="lms/blank.html" />
      <file href="lms/browsersniff.js" />
      <file href="lms/Configuration.js" />
      <file href="lms/goodbye.html" />
      <file href="lms/lms.js" />
      <file href="lms/LMSAPI.js" />
      <file href="lms/NONEFunctions.js" />
      <file href="lms/SCORM2004Functions.js" />
      <file href="lms/SCORMFunctions.js" />
      <file href="lms/UtilityFunctions.js" />
    </resource>
  </resources>
</manifest>