﻿<?xml version="1.0" encoding="utf-8"?><meta xmlns:xsi="http://www.w3.org/2001/XMLSchema-instance" xmlns:xsd="http://www.w3.org/2001/XMLSchema"><project id="687hXLsQJpU" courseid="6BiV9SHd40l_course_id" thumburl="story_content/thumbnail.jpg" title="EIDM1" datepublished="2017-05-17T15:28:11" version="1.0.0.0" flashdata="story_content/data.swf" html5data="mobile/data.js" mobiledata="mobile/data.gz" enabledownload="true" duration="About 55 minutes" totalaudio="14446" totalvideo="653719"><description>Evidence-Informed Decision-Making: An Introduction</description><keywords /><slidemeta moniker="slide" monikerplural="slides" viewslides="32" slidecountdescription="32 slides" /><author name="Thomas" email="" website="" /><application name="Articulate Storyline" version="2.11.1609.3020" xmlversion="3.5" /></project></meta>